id,en,jp,ru,ch,fr,ko
mode.other,Game modes,ゲームモード,Режимы игры,游戏模式,Modes de jeu,게임모드
mode.choose,Choose a game mode,ゲームモードを選択します。,Выберите режим игры,选择游戏模式,Choisissez un mode de jeu,게임모드를선택합니다
mode.single,Single player,シングルプレーヤー,Один игрок,单人玩家,Un joueur,싱글플레이어
mode.multi,Multiplayer,マルチプレイ,Мультиплеер,多人,multijoueur,멀티플레이어
mode.local,Local multiplayer,ローカルマルチプレイ,Локальный мультиплеер,本地多人,multijoueur local,로컬멀티플레이
mode.online,Online multiplayer,オンラインマルチプレイヤー,многопользовательская онлайн,在线多人游戏,multijoueur en ligne,온라인멀티
1,Online multiplayer,オンラインマルチプレイヤー,многопользовательская онлайн,在线多人游戏,multijoueur en ligne,온라인멀티
2,Online multiplayer,オンラインマルチプレイヤー,многопользовательская онлайн,在线多人游戏,multijoueur en ligne,온라인멀티
3,Online multiplayer,オンラインマルチプレイヤー,многопользовательская онлайн,在线多人游戏,multijoueur en ligne,온라인멀티
4,Online multiplayer,オンラインマルチプレイヤー,многопользовательская онлайн,在线多人游戏,multijoueur en ligne,온라인멀티
5,Online multiplayer,オンラインマルチプレイヤー,многопользовательская онлайн,在线多人游戏,multijoueur en ligne,온라인멀티
6,Online multiplayer,オンラインマルチプレイヤー,многопользовательская онлайн,在线多人游戏,multijoueur en ligne,온라인멀티
7,Online multiplayer,オンラインマルチプレイヤー,многопользовательская онлайн,在线多人游戏,multijoueur en ligne,온라인멀티
8,Online multiplayer,オンラインマルチプレイヤー,многопользовательская онлайн,在线多人游戏,multijoueur en ligne,온라인멀티
9,Online multiplayer,オンラインマルチプレイヤー,многопользовательская онлайн,在线多人游戏,multijoueur en ligne,온라인멀티
10,Online multiplayer,オンラインマルチプレイヤー,многопользовательская онлайн,在线多人游戏,multijoueur en ligne,온라인멀티
11,Online multiplayer,オンラインマルチプレイヤー,многопользовательская онлайн,在线多人游戏,multijoueur en ligne,온라인멀티
12,Online multiplayer,オンラインマルチプレイヤー,многопользовательская онлайн,在线多人游戏,multijoueur en ligne,온라인멀티
13,Online multiplayer,オンラインマルチプレイヤー,многопользовательская онлайн,在线多人游戏,multijoueur en ligne,온라인멀티
14,Online multiplayer,オンラインマルチプレイヤー,многопользовательская онлайн,在线多人游戏,multijoueur en ligne,온라인멀티
15,Online multiplayer,オンラインマルチプレイヤー,многопользовательская онлайн,在线多人游戏,multijoueur en ligne,온라인멀티
16,Online multiplayer,オンラインマルチプレイヤー,многопользовательская онлайн,在线多人游戏,multijoueur en ligne,온라인멀티
17,Online multiplayer,オンラインマルチプレイヤー,многопользовательская онлайн,在线多人游戏,multijoueur en ligne,온라인멀티
18,Online multiplayer,オンラインマルチプレイヤー,многопользовательская онлайн,在线多人游戏,multijoueur en ligne,온라인멀티
19,Online multiplayer,オンラインマルチプレイヤー,многопользовательская онлайн,在线多人游戏,multijoueur en ligne,온라인멀티
20,Online multiplayer,オンラインマルチプレイヤー,многопользовательская онлайн,在线多人游戏,multijoueur en ligne,온라인멀티
21,Online multiplayer,オンラインマルチプレイヤー,многопользовательская онлайн,在线多人游戏,multijoueur en ligne,온라인멀티
22,Online multiplayer,オンラインマルチプレイヤー,многопользовательская онлайн,在线多人游戏,multijoueur en ligne,온라인멀티
23,Online multiplayer,オンラインマルチプレイヤー,многопользовательская онлайн,在线多人游戏,multijoueur en ligne,온라인멀티
24,Online multiplayer,オンラインマルチプレイヤー,многопользовательская онлайн,在线多人游戏,multijoueur en ligne,온라인멀티
25,Online multiplayer,オンラインマルチプレイヤー,многопользовательская онлайн,在线多人游戏,multijoueur en ligne,온라인멀티
26,Online multiplayer,オンラインマルチプレイヤー,многопользовательская онлайн,在线多人游戏,multijoueur en ligne,온라인멀티
27,Online multiplayer,オンラインマルチプレイヤー,многопользовательская онлайн,在线多人游戏,multijoueur en ligne,온라인멀티
28,Online multiplayer,オンラインマルチプレイヤー,многопользовательская онлайн,在线多人游戏,multijoueur en ligne,온라인멀티
29,Online multiplayer,オンラインマルチプレイヤー,многопользовательская онлайн,在线多人游戏,multijoueur en ligne,온라인멀티
30,Online multiplayer,オンラインマルチプレイヤー,многопользовательская онлайн,在线多人游戏,multijoueur en ligne,온라인멀티
31,Online multiplayer,オンラインマルチプレイヤー,многопользовательская онлайн,在线多人游戏,multijoueur en ligne,온라인멀티
32,Online multiplayer,オンラインマルチプレイヤー,многопользовательская онлайн,在线多人游戏,multijoueur en ligne,온라인멀티
33,Online multiplayer,オンラインマルチプレイヤー,многопользовательская онлайн,在线多人游戏,multijoueur en ligne,온라인멀티
34,Online multiplayer,オンラインマルチプレイヤー,многопользовательская онлайн,在线多人游戏,multijoueur en ligne,온라인멀티
35,Online multiplayer,オンラインマルチプレイヤー,многопользовательская онлайн,在线多人游戏,multijoueur en ligne,온라인멀티
36,Online multiplayer,オンラインマルチプレイヤー,многопользовательская онлайн,在线多人游戏,multijoueur en ligne,온라인멀티
37,Online multiplayer,オンラインマルチプレイヤー,многопользовательская онлайн,在线多人游戏,multijoueur en ligne,온라인멀티
38,Online multiplayer,オンラインマルチプレイヤー,многопользовательская онлайн,在线多人游戏,multijoueur en ligne,온라인멀티
39,Online multiplayer,オンラインマルチプレイヤー,многопользовательская онлайн,在线多人游戏,multijoueur en ligne,온라인멀티
40,Online multiplayer,オンラインマルチプレイヤー,многопользовательская онлайн,在线多人游戏,multijoueur en ligne,온라인멀티
41,Online multiplayer,オンラインマルチプレイヤー,многопользовательская онлайн,在线多人游戏,multijoueur en ligne,온라인멀티
42,Online multiplayer,オンラインマルチプレイヤー,многопользовательская онлайн,在线多人游戏,multijoueur en ligne,온라인멀티
43,Online multiplayer,オンラインマルチプレイヤー,многопользовательская онлайн,在线多人游戏,multijoueur en ligne,온라인멀티
44,Online multiplayer,オンラインマルチプレイヤー,многопользовательская онлайн,在线多人游戏,multijoueur en ligne,온라인멀티
45,Online multiplayer,オンラインマルチプレイヤー,многопользовательская онлайн,在线多人游戏,multijoueur en ligne,온라인멀티
46,Online multiplayer,オンラインマルチプレイヤー,многопользовательская онлайн,在线多人游戏,multijoueur en ligne,온라인멀티
47,Online multiplayer,オンラインマルチプレイヤー,многопользовательская онлайн,在线多人游戏,multijoueur en ligne,온라인멀티
48,Online multiplayer,オンラインマルチプレイヤー,многопользовательская онлайн,在线多人游戏,multijoueur en ligne,온라인멀티
49,Online multiplayer,オンラインマルチプレイヤー,многопользовательская онлайн,在线多人游戏,multijoueur en ligne,온라인멀티
50,Online multiplayer,オンラインマルチプレイヤー,многопользовательская онлайн,在线多人游戏,multijoueur en ligne,온라인멀티
51,Online multiplayer,オンラインマルチプレイヤー,многопользовательская онлайн,在线多人游戏,multijoueur en ligne,온라인멀티
52,Online multiplayer,オンラインマルチプレイヤー,многопользовательская онлайн,在线多人游戏,multijoueur en ligne,온라인멀티
53,Online multiplayer,オンラインマルチプレイヤー,многопользовательская онлайн,在线多人游戏,multijoueur en ligne,온라인멀티
54,Online multiplayer,オンラインマルチプレイヤー,многопользовательская онлайн,在线多人游戏,multijoueur en ligne,온라인멀티
55,Online multiplayer,オンラインマルチプレイヤー,многопользовательская онлайн,在线多人游戏,multijoueur en ligne,온라인멀티
56,Online multiplayer,オンラインマルチプレイヤー,многопользовательская онлайн,在线多人游戏,multijoueur en ligne,온라인멀티
57,Online multiplayer,オンラインマルチプレイヤー,многопользовательская онлайн,在线多人游戏,multijoueur en ligne,온라인멀티
58,Online multiplayer,オンラインマルチプレイヤー,многопользовательская онлайн,在线多人游戏,multijoueur en ligne,온라인멀티
59,Online multiplayer,オンラインマルチプレイヤー,многопользовательская онлайн,在线多人游戏,multijoueur en ligne,온라인멀티
60,Online multiplayer,オンラインマルチプレイヤー,многопользовательская онлайн,在线多人游戏,multijoueur en ligne,온라인멀티
61,Online multiplayer,オンラインマルチプレイヤー,многопользовательская онлайн,在线多人游戏,multijoueur en ligne,온라인멀티
62,Online multiplayer,オンラインマルチプレイヤー,многопользовательская онлайн,在线多人游戏,multijoueur en ligne,온라인멀티
63,Online multiplayer,オンラインマルチプレイヤー,многопользовательская онлайн,在线多人游戏,multijoueur en ligne,온라인멀티
64,Online multiplayer,オンラインマルチプレイヤー,многопользовательская онлайн,在线多人游戏,multijoueur en ligne,온라인멀티
65,Online multiplayer,オンラインマルチプレイヤー,многопользовательская онлайн,在线多人游戏,multijoueur en ligne,온라인멀티
66,Online multiplayer,オンラインマルチプレイヤー,многопользовательская онлайн,在线多人游戏,multijoueur en ligne,온라인멀티
67,Online multiplayer,オンラインマルチプレイヤー,многопользовательская онлайн,在线多人游戏,multijoueur en ligne,온라인멀티
68,Online multiplayer,オンラインマルチプレイヤー,многопользовательская онлайн,在线多人游戏,multijoueur en ligne,온라인멀티
69,Online multiplayer,オンラインマルチプレイヤー,многопользовательская онлайн,在线多人游戏,multijoueur en ligne,온라인멀티
70,Online multiplayer,オンラインマルチプレイヤー,многопользовательская онлайн,在线多人游戏,multijoueur en ligne,온라인멀티
71,Online multiplayer,オンラインマルチプレイヤー,многопользовательская онлайн,在线多人游戏,multijoueur en ligne,온라인멀티
72,Online multiplayer,オンラインマルチプレイヤー,многопользовательская онлайн,在线多人游戏,multijoueur en ligne,온라인멀티
73,Online multiplayer,オンラインマルチプレイヤー,многопользовательская онлайн,在线多人游戏,multijoueur en ligne,온라인멀티
74,Online multiplayer,オンラインマルチプレイヤー,многопользовательская онлайн,在线多人游戏,multijoueur en ligne,온라인멀티
75,Online multiplayer,オンラインマルチプレイヤー,многопользовательская онлайн,在线多人游戏,multijoueur en ligne,온라인멀티
76,Online multiplayer,オンラインマルチプレイヤー,многопользовательская онлайн,在线多人游戏,multijoueur en ligne,온라인멀티
77,Online multiplayer,オンラインマルチプレイヤー,многопользовательская онлайн,在线多人游戏,multijoueur en ligne,온라인멀티
78,Online multiplayer,オンラインマルチプレイヤー,многопользовательская онлайн,在线多人游戏,multijoueur en ligne,온라인멀티
79,Online multiplayer,オンラインマルチプレイヤー,многопользовательская онлайн,在线多人游戏,multijoueur en ligne,온라인멀티
80,Online multiplayer,オンラインマルチプレイヤー,многопользовательская онлайн,在线多人游戏,multijoueur en ligne,온라인멀티
81,Online multiplayer,オンラインマルチプレイヤー,многопользовательская онлайн,在线多人游戏,multijoueur en ligne,온라인멀티
82,Online multiplayer,オンラインマルチプレイヤー,многопользовательская онлайн,在线多人游戏,multijoueur en ligne,온라인멀티
83,Online multiplayer,オンラインマルチプレイヤー,многопользовательская онлайн,在线多人游戏,multijoueur en ligne,온라인멀티
84,Online multiplayer,オンラインマルチプレイヤー,многопользовательская онлайн,在线多人游戏,multijoueur en ligne,온라인멀티
85,Online multiplayer,オンラインマルチプレイヤー,многопользовательская онлайн,在线多人游戏,multijoueur en ligne,온라인멀티
86,Online multiplayer,オンラインマルチプレイヤー,многопользовательская онлайн,在线多人游戏,multijoueur en ligne,온라인멀티
87,Online multiplayer,オンラインマルチプレイヤー,многопользовательская онлайн,在线多人游戏,multijoueur en ligne,온라인멀티
88,Online multiplayer,オンラインマルチプレイヤー,многопользовательская онлайн,在线多人游戏,multijoueur en ligne,온라인멀티
89,Online multiplayer,オンラインマルチプレイヤー,многопользовательская онлайн,在线多人游戏,multijoueur en ligne,온라인멀티
90,Online multiplayer,オンラインマルチプレイヤー,многопользовательская онлайн,在线多人游戏,multijoueur en ligne,온라인멀티
91,Online multiplayer,オンラインマルチプレイヤー,многопользовательская онлайн,在线多人游戏,multijoueur en ligne,온라인멀티
92,Online multiplayer,オンラインマルチプレイヤー,многопользовательская онлайн,在线多人游戏,multijoueur en ligne,온라인멀티
93,Online multiplayer,オンラインマルチプレイヤー,многопользовательская онлайн,在线多人游戏,multijoueur en ligne,온라인멀티
94,Online multiplayer,オンラインマルチプレイヤー,многопользовательская онлайн,在线多人游戏,multijoueur en ligne,온라인멀티
95,Online multiplayer,オンラインマルチプレイヤー,многопользовательская онлайн,在线多人游戏,multijoueur en ligne,온라인멀티
96,Online multiplayer,オンラインマルチプレイヤー,многопользовательская онлайн,在线多人游戏,multijoueur en ligne,온라인멀티
97,Online multiplayer,オンラインマルチプレイヤー,многопользовательская онлайн,在线多人游戏,multijoueur en ligne,온라인멀티
98,Online multiplayer,オンラインマルチプレイヤー,многопользовательская онлайн,在线多人游戏,multijoueur en ligne,온라인멀티
99,Online multiplayer,オンラインマルチプレイヤー,многопользовательская онлайн,在线多人游戏,multijoueur en ligne,온라인멀티
100,Online multiplayer,オンラインマルチプレイヤー,многопользовательская онлайн,在线多人游戏,multijoueur en ligne,온라인멀티
101,Online multiplayer,オンラインマルチプレイヤー,многопользовательская онлайн,在线多人游戏,multijoueur en ligne,온라인멀티
102,Online multiplayer,オンラインマルチプレイヤー,многопользовательская онлайн,在线多人游戏,multijoueur en ligne,온라인멀티
103,Online multiplayer,オンラインマルチプレイヤー,многопользовательская онлайн,在线多人游戏,multijoueur en ligne,온라인멀티
104,Online multiplayer,オンラインマルチプレイヤー,многопользовательская онлайн,在线多人游戏,multijoueur en ligne,온라인멀티
105,Online multiplayer,オンラインマルチプレイヤー,многопользовательская онлайн,在线多人游戏,multijoueur en ligne,온라인멀티
106,Online multiplayer,オンラインマルチプレイヤー,многопользовательская онлайн,在线多人游戏,multijoueur en ligne,온라인멀티
107,Online multiplayer,オンラインマルチプレイヤー,многопользовательская онлайн,在线多人游戏,multijoueur en ligne,온라인멀티
108,Online multiplayer,オンラインマルチプレイヤー,многопользовательская онлайн,在线多人游戏,multijoueur en ligne,온라인멀티
109,Online multiplayer,オンラインマルチプレイヤー,многопользовательская онлайн,在线多人游戏,multijoueur en ligne,온라인멀티
110,Online multiplayer,オンラインマルチプレイヤー,многопользовательская онлайн,在线多人游戏,multijoueur en ligne,온라인멀티
111,Online multiplayer,オンラインマルチプレイヤー,многопользовательская онлайн,在线多人游戏,multijoueur en ligne,온라인멀티
112,Online multiplayer,オンラインマルチプレイヤー,многопользовательская онлайн,在线多人游戏,multijoueur en ligne,온라인멀티
113,Online multiplayer,オンラインマルチプレイヤー,многопользовательская онлайн,在线多人游戏,multijoueur en ligne,온라인멀티
114,Online multiplayer,オンラインマルチプレイヤー,многопользовательская онлайн,在线多人游戏,multijoueur en ligne,온라인멀티
115,Online multiplayer,オンラインマルチプレイヤー,многопользовательская онлайн,在线多人游戏,multijoueur en ligne,온라인멀티
116,Online multiplayer,オンラインマルチプレイヤー,многопользовательская онлайн,在线多人游戏,multijoueur en ligne,온라인멀티
117,Online multiplayer,オンラインマルチプレイヤー,многопользовательская онлайн,在线多人游戏,multijoueur en ligne,온라인멀티
118,Online multiplayer,オンラインマルチプレイヤー,многопользовательская онлайн,在线多人游戏,multijoueur en ligne,온라인멀티
119,Online multiplayer,オンラインマルチプレイヤー,многопользовательская онлайн,在线多人游戏,multijoueur en ligne,온라인멀티
120,Online multiplayer,オンラインマルチプレイヤー,многопользовательская онлайн,在线多人游戏,multijoueur en ligne,온라인멀티
121,Online multiplayer,オンラインマルチプレイヤー,многопользовательская онлайн,在线多人游戏,multijoueur en ligne,온라인멀티
122,Online multiplayer,オンラインマルチプレイヤー,многопользовательская онлайн,在线多人游戏,multijoueur en ligne,온라인멀티
123,Online multiplayer,オンラインマルチプレイヤー,многопользовательская онлайн,在线多人游戏,multijoueur en ligne,온라인멀티
124,Online multiplayer,オンラインマルチプレイヤー,многопользовательская онлайн,在线多人游戏,multijoueur en ligne,온라인멀티
125,Online multiplayer,オンラインマルチプレイヤー,многопользовательская онлайн,在线多人游戏,multijoueur en ligne,온라인멀티
126,Online multiplayer,オンラインマルチプレイヤー,многопользовательская онлайн,在线多人游戏,multijoueur en ligne,온라인멀티
127,Online multiplayer,オンラインマルチプレイヤー,многопользовательская онлайн,在线多人游戏,multijoueur en ligne,온라인멀티
128,Online multiplayer,オンラインマルチプレイヤー,многопользовательская онлайн,在线多人游戏,multijoueur en ligne,온라인멀티
129,Online multiplayer,オンラインマルチプレイヤー,многопользовательская онлайн,在线多人游戏,multijoueur en ligne,온라인멀티
130,Online multiplayer,オンラインマルチプレイヤー,многопользовательская онлайн,在线多人游戏,multijoueur en ligne,온라인멀티
131,Online multiplayer,オンラインマルチプレイヤー,многопользовательская онлайн,在线多人游戏,multijoueur en ligne,온라인멀티
132,Online multiplayer,オンラインマルチプレイヤー,многопользовательская онлайн,在线多人游戏,multijoueur en ligne,온라인멀티
133,Online multiplayer,オンラインマルチプレイヤー,многопользовательская онлайн,在线多人游戏,multijoueur en ligne,온라인멀티
134,Online multiplayer,オンラインマルチプレイヤー,многопользовательская онлайн,在线多人游戏,multijoueur en ligne,온라인멀티
135,Online multiplayer,オンラインマルチプレイヤー,многопользовательская онлайн,在线多人游戏,multijoueur en ligne,온라인멀티
136,Online multiplayer,オンラインマルチプレイヤー,многопользовательская онлайн,在线多人游戏,multijoueur en ligne,온라인멀티
137,Online multiplayer,オンラインマルチプレイヤー,многопользовательская онлайн,在线多人游戏,multijoueur en ligne,온라인멀티
138,Online multiplayer,オンラインマルチプレイヤー,многопользовательская онлайн,在线多人游戏,multijoueur en ligne,온라인멀티
139,Online multiplayer,オンラインマルチプレイヤー,многопользовательская онлайн,在线多人游戏,multijoueur en ligne,온라인멀티
140,Online multiplayer,オンラインマルチプレイヤー,многопользовательская онлайн,在线多人游戏,multijoueur en ligne,온라인멀티
141,Online multiplayer,オンラインマルチプレイヤー,многопользовательская онлайн,在线多人游戏,multijoueur en ligne,온라인멀티
142,Online multiplayer,オンラインマルチプレイヤー,многопользовательская онлайн,在线多人游戏,multijoueur en ligne,온라인멀티
143,Online multiplayer,オンラインマルチプレイヤー,многопользовательская онлайн,在线多人游戏,multijoueur en ligne,온라인멀티
144,Online multiplayer,オンラインマルチプレイヤー,многопользовательская онлайн,在线多人游戏,multijoueur en ligne,온라인멀티
145,Online multiplayer,オンラインマルチプレイヤー,многопользовательская онлайн,在线多人游戏,multijoueur en ligne,온라인멀티
146,Online multiplayer,オンラインマルチプレイヤー,многопользовательская онлайн,在线多人游戏,multijoueur en ligne,온라인멀티
147,Online multiplayer,オンラインマルチプレイヤー,многопользовательская онлайн,在线多人游戏,multijoueur en ligne,온라인멀티
148,Online multiplayer,オンラインマルチプレイヤー,многопользовательская онлайн,在线多人游戏,multijoueur en ligne,온라인멀티
149,Online multiplayer,オンラインマルチプレイヤー,многопользовательская онлайн,在线多人游戏,multijoueur en ligne,온라인멀티
150,Online multiplayer,オンラインマルチプレイヤー,многопользовательская онлайн,在线多人游戏,multijoueur en ligne,온라인멀티
151,Online multiplayer,オンラインマルチプレイヤー,многопользовательская онлайн,在线多人游戏,multijoueur en ligne,온라인멀티
152,Online multiplayer,オンラインマルチプレイヤー,многопользовательская онлайн,在线多人游戏,multijoueur en ligne,온라인멀티
153,Online multiplayer,オンラインマルチプレイヤー,многопользовательская онлайн,在线多人游戏,multijoueur en ligne,온라인멀티
154,Online multiplayer,オンラインマルチプレイヤー,многопользовательская онлайн,在线多人游戏,multijoueur en ligne,온라인멀티
155,Online multiplayer,オンラインマルチプレイヤー,многопользовательская онлайн,在线多人游戏,multijoueur en ligne,온라인멀티
156,Online multiplayer,オンラインマルチプレイヤー,многопользовательская онлайн,在线多人游戏,multijoueur en ligne,온라인멀티
157,Online multiplayer,オンラインマルチプレイヤー,многопользовательская онлайн,在线多人游戏,multijoueur en ligne,온라인멀티
158,Online multiplayer,オンラインマルチプレイヤー,многопользовательская онлайн,在线多人游戏,multijoueur en ligne,온라인멀티
159,Online multiplayer,オンラインマルチプレイヤー,многопользовательская онлайн,在线多人游戏,multijoueur en ligne,온라인멀티
160,Online multiplayer,オンラインマルチプレイヤー,многопользовательская онлайн,在线多人游戏,multijoueur en ligne,온라인멀티
161,Online multiplayer,オンラインマルチプレイヤー,многопользовательская онлайн,在线多人游戏,multijoueur en ligne,온라인멀티
162,Online multiplayer,オンラインマルチプレイヤー,многопользовательская онлайн,在线多人游戏,multijoueur en ligne,온라인멀티
163,Online multiplayer,オンラインマルチプレイヤー,многопользовательская онлайн,在线多人游戏,multijoueur en ligne,온라인멀티
164,Online multiplayer,オンラインマルチプレイヤー,многопользовательская онлайн,在线多人游戏,multijoueur en ligne,온라인멀티
165,Online multiplayer,オンラインマルチプレイヤー,многопользовательская онлайн,在线多人游戏,multijoueur en ligne,온라인멀티
166,Online multiplayer,オンラインマルチプレイヤー,многопользовательская онлайн,在线多人游戏,multijoueur en ligne,온라인멀티
167,Online multiplayer,オンラインマルチプレイヤー,многопользовательская онлайн,在线多人游戏,multijoueur en ligne,온라인멀티
168,Online multiplayer,オンラインマルチプレイヤー,многопользовательская онлайн,在线多人游戏,multijoueur en ligne,온라인멀티
169,Online multiplayer,オンラインマルチプレイヤー,многопользовательская онлайн,在线多人游戏,multijoueur en ligne,온라인멀티
170,Online multiplayer,オンラインマルチプレイヤー,многопользовательская онлайн,在线多人游戏,multijoueur en ligne,온라인멀티
171,Online multiplayer,オンラインマルチプレイヤー,многопользовательская онлайн,在线多人游戏,multijoueur en ligne,온라인멀티
172,Online multiplayer,オンラインマルチプレイヤー,многопользовательская онлайн,在线多人游戏,multijoueur en ligne,온라인멀티
173,Online multiplayer,オンラインマルチプレイヤー,многопользовательская онлайн,在线多人游戏,multijoueur en ligne,온라인멀티
174,Online multiplayer,オンラインマルチプレイヤー,многопользовательская онлайн,在线多人游戏,multijoueur en ligne,온라인멀티
175,Online multiplayer,オンラインマルチプレイヤー,многопользовательская онлайн,在线多人游戏,multijoueur en ligne,온라인멀티
176,Online multiplayer,オンラインマルチプレイヤー,многопользовательская онлайн,在线多人游戏,multijoueur en ligne,온라인멀티
177,Online multiplayer,オンラインマルチプレイヤー,многопользовательская онлайн,在线多人游戏,multijoueur en ligne,온라인멀티
178,Online multiplayer,オンラインマルチプレイヤー,многопользовательская онлайн,在线多人游戏,multijoueur en ligne,온라인멀티
179,Online multiplayer,オンラインマルチプレイヤー,многопользовательская онлайн,在线多人游戏,multijoueur en ligne,온라인멀티
180,Online multiplayer,オンラインマルチプレイヤー,многопользовательская онлайн,在线多人游戏,multijoueur en ligne,온라인멀티
181,Online multiplayer,オンラインマルチプレイヤー,многопользовательская онлайн,在线多人游戏,multijoueur en ligne,온라인멀티
182,Online multiplayer,オンラインマルチプレイヤー,многопользовательская онлайн,在线多人游戏,multijoueur en ligne,온라인멀티
183,Online multiplayer,オンラインマルチプレイヤー,многопользовательская онлайн,在线多人游戏,multijoueur en ligne,온라인멀티
184,Online multiplayer,オンラインマルチプレイヤー,многопользовательская онлайн,在线多人游戏,multijoueur en ligne,온라인멀티
185,Online multiplayer,オンラインマルチプレイヤー,многопользовательская онлайн,在线多人游戏,multijoueur en ligne,온라인멀티
186,Online multiplayer,オンラインマルチプレイヤー,многопользовательская онлайн,在线多人游戏,multijoueur en ligne,온라인멀티
187,Online multiplayer,オンラインマルチプレイヤー,многопользовательская онлайн,在线多人游戏,multijoueur en ligne,온라인멀티
188,Online multiplayer,オンラインマルチプレイヤー,многопользовательская онлайн,在线多人游戏,multijoueur en ligne,온라인멀티
189,Online multiplayer,オンラインマルチプレイヤー,многопользовательская онлайн,在线多人游戏,multijoueur en ligne,온라인멀티
190,Online multiplayer,オンラインマルチプレイヤー,многопользовательская онлайн,在线多人游戏,multijoueur en ligne,온라인멀티
191,Online multiplayer,オンラインマルチプレイヤー,многопользовательская онлайн,在线多人游戏,multijoueur en ligne,온라인멀티
192,Online multiplayer,オンラインマルチプレイヤー,многопользовательская онлайн,在线多人游戏,multijoueur en ligne,온라인멀티
193,Online multiplayer,オンラインマルチプレイヤー,многопользовательская онлайн,在线多人游戏,multijoueur en ligne,온라인멀티
194,Online multiplayer,オンラインマルチプレイヤー,многопользовательская онлайн,在线多人游戏,multijoueur en ligne,온라인멀티
195,Online multiplayer,オンラインマルチプレイヤー,многопользовательская онлайн,在线多人游戏,multijoueur en ligne,온라인멀티
196,Online multiplayer,オンラインマルチプレイヤー,многопользовательская онлайн,在线多人游戏,multijoueur en ligne,온라인멀티
197,Online multiplayer,オンラインマルチプレイヤー,многопользовательская онлайн,在线多人游戏,multijoueur en ligne,온라인멀티
198,Online multiplayer,オンラインマルチプレイヤー,многопользовательская онлайн,在线多人游戏,multijoueur en ligne,온라인멀티
199,Online multiplayer,オンラインマルチプレイヤー,многопользовательская онлайн,在线多人游戏,multijoueur en ligne,온라인멀티
200,Online multiplayer,オンラインマルチプレイヤー,многопользовательская онлайн,在线多人游戏,multijoueur en ligne,온라인멀티
201,Online multiplayer,オンラインマルチプレイヤー,многопользовательская онлайн,在线多人游戏,multijoueur en ligne,온라인멀티
202,Online multiplayer,オンラインマルチプレイヤー,многопользовательская онлайн,在线多人游戏,multijoueur en ligne,온라인멀티
203,Online multiplayer,オンラインマルチプレイヤー,многопользовательская онлайн,在线多人游戏,multijoueur en ligne,온라인멀티
204,Online multiplayer,オンラインマルチプレイヤー,многопользовательская онлайн,在线多人游戏,multijoueur en ligne,온라인멀티
205,Online multiplayer,オンラインマルチプレイヤー,многопользовательская онлайн,在线多人游戏,multijoueur en ligne,온라인멀티
206,Online multiplayer,オンラインマルチプレイヤー,многопользовательская онлайн,在线多人游戏,multijoueur en ligne,온라인멀티
207,Online multiplayer,オンラインマルチプレイヤー,многопользовательская онлайн,在线多人游戏,multijoueur en ligne,온라인멀티
208,Online multiplayer,オンラインマルチプレイヤー,многопользовательская онлайн,在线多人游戏,multijoueur en ligne,온라인멀티
209,Online multiplayer,オンラインマルチプレイヤー,многопользовательская онлайн,在线多人游戏,multijoueur en ligne,온라인멀티
210,Online multiplayer,オンラインマルチプレイヤー,многопользовательская онлайн,在线多人游戏,multijoueur en ligne,온라인멀티
211,Online multiplayer,オンラインマルチプレイヤー,многопользовательская онлайн,在线多人游戏,multijoueur en ligne,온라인멀티
212,Online multiplayer,オンラインマルチプレイヤー,многопользовательская онлайн,在线多人游戏,multijoueur en ligne,온라인멀티
213,Online multiplayer,オンラインマルチプレイヤー,многопользовательская онлайн,在线多人游戏,multijoueur en ligne,온라인멀티
214,Online multiplayer,オンラインマルチプレイヤー,многопользовательская онлайн,在线多人游戏,multijoueur en ligne,온라인멀티
215,Online multiplayer,オンラインマルチプレイヤー,многопользовательская онлайн,在线多人游戏,multijoueur en ligne,온라인멀티
216,Online multiplayer,オンラインマルチプレイヤー,многопользовательская онлайн,在线多人游戏,multijoueur en ligne,온라인멀티
217,Online multiplayer,オンラインマルチプレイヤー,многопользовательская онлайн,在线多人游戏,multijoueur en ligne,온라인멀티
218,Online multiplayer,オンラインマルチプレイヤー,многопользовательская онлайн,在线多人游戏,multijoueur en ligne,온라인멀티
219,Online multiplayer,オンラインマルチプレイヤー,многопользовательская онлайн,在线多人游戏,multijoueur en ligne,온라인멀티
220,Online multiplayer,オンラインマルチプレイヤー,многопользовательская онлайн,在线多人游戏,multijoueur en ligne,온라인멀티
221,Online multiplayer,オンラインマルチプレイヤー,многопользовательская онлайн,在线多人游戏,multijoueur en ligne,온라인멀티
222,Online multiplayer,オンラインマルチプレイヤー,многопользовательская онлайн,在线多人游戏,multijoueur en ligne,온라인멀티
223,Online multiplayer,オンラインマルチプレイヤー,многопользовательская онлайн,在线多人游戏,multijoueur en ligne,온라인멀티
224,Online multiplayer,オンラインマルチプレイヤー,многопользовательская онлайн,在线多人游戏,multijoueur en ligne,온라인멀티
225,Online multiplayer,オンラインマルチプレイヤー,многопользовательская онлайн,在线多人游戏,multijoueur en ligne,온라인멀티
226,Online multiplayer,オンラインマルチプレイヤー,многопользовательская онлайн,在线多人游戏,multijoueur en ligne,온라인멀티
227,Online multiplayer,オンラインマルチプレイヤー,многопользовательская онлайн,在线多人游戏,multijoueur en ligne,온라인멀티
228,Online multiplayer,オンラインマルチプレイヤー,многопользовательская онлайн,在线多人游戏,multijoueur en ligne,온라인멀티
229,Online multiplayer,オンラインマルチプレイヤー,многопользовательская онлайн,在线多人游戏,multijoueur en ligne,온라인멀티
230,Online multiplayer,オンラインマルチプレイヤー,многопользовательская онлайн,在线多人游戏,multijoueur en ligne,온라인멀티
231,Online multiplayer,オンラインマルチプレイヤー,многопользовательская онлайн,在线多人游戏,multijoueur en ligne,온라인멀티
232,Online multiplayer,オンラインマルチプレイヤー,многопользовательская онлайн,在线多人游戏,multijoueur en ligne,온라인멀티
233,Online multiplayer,オンラインマルチプレイヤー,многопользовательская онлайн,在线多人游戏,multijoueur en ligne,온라인멀티
234,Online multiplayer,オンラインマルチプレイヤー,многопользовательская онлайн,在线多人游戏,multijoueur en ligne,온라인멀티
235,Online multiplayer,オンラインマルチプレイヤー,многопользовательская онлайн,在线多人游戏,multijoueur en ligne,온라인멀티
236,Online multiplayer,オンラインマルチプレイヤー,многопользовательская онлайн,在线多人游戏,multijoueur en ligne,온라인멀티
237,Online multiplayer,オンラインマルチプレイヤー,многопользовательская онлайн,在线多人游戏,multijoueur en ligne,온라인멀티
238,Online multiplayer,オンラインマルチプレイヤー,многопользовательская онлайн,在线多人游戏,multijoueur en ligne,온라인멀티
239,Online multiplayer,オンラインマルチプレイヤー,многопользовательская онлайн,在线多人游戏,multijoueur en ligne,온라인멀티
240,Online multiplayer,オンラインマルチプレイヤー,многопользовательская онлайн,在线多人游戏,multijoueur en ligne,온라인멀티
241,Online multiplayer,オンラインマルチプレイヤー,многопользовательская онлайн,在线多人游戏,multijoueur en ligne,온라인멀티
242,Online multiplayer,オンラインマルチプレイヤー,многопользовательская онлайн,在线多人游戏,multijoueur en ligne,온라인멀티
243,Online multiplayer,オンラインマルチプレイヤー,многопользовательская онлайн,在线多人游戏,multijoueur en ligne,온라인멀티
244,Online multiplayer,オンラインマルチプレイヤー,многопользовательская онлайн,在线多人游戏,multijoueur en ligne,온라인멀티
245,Online multiplayer,オンラインマルチプレイヤー,многопользовательская онлайн,在线多人游戏,multijoueur en ligne,온라인멀티
246,Online multiplayer,オンラインマルチプレイヤー,многопользовательская онлайн,在线多人游戏,multijoueur en ligne,온라인멀티
247,Online multiplayer,オンラインマルチプレイヤー,многопользовательская онлайн,在线多人游戏,multijoueur en ligne,온라인멀티
248,Online multiplayer,オンラインマルチプレイヤー,многопользовательская онлайн,在线多人游戏,multijoueur en ligne,온라인멀티
249,Online multiplayer,オンラインマルチプレイヤー,многопользовательская онлайн,在线多人游戏,multijoueur en ligne,온라인멀티
250,Online multiplayer,オンラインマルチプレイヤー,многопользовательская онлайн,在线多人游戏,multijoueur en ligne,온라인멀티
251,Online multiplayer,オンラインマルチプレイヤー,многопользовательская онлайн,在线多人游戏,multijoueur en ligne,온라인멀티
252,Online multiplayer,オンラインマルチプレイヤー,многопользовательская онлайн,在线多人游戏,multijoueur en ligne,온라인멀티
253,Online multiplayer,オンラインマルチプレイヤー,многопользовательская онлайн,在线多人游戏,multijoueur en ligne,온라인멀티
254,Online multiplayer,オンラインマルチプレイヤー,многопользовательская онлайн,在线多人游戏,multijoueur en ligne,온라인멀티
255,Online multiplayer,オンラインマルチプレイヤー,многопользовательская онлайн,在线多人游戏,multijoueur en ligne,온라인멀티
256,Online multiplayer,オンラインマルチプレイヤー,многопользовательская онлайн,在线多人游戏,multijoueur en ligne,온라인멀티
257,Online multiplayer,オンラインマルチプレイヤー,многопользовательская онлайн,在线多人游戏,multijoueur en ligne,온라인멀티
258,Online multiplayer,オンラインマルチプレイヤー,многопользовательская онлайн,在线多人游戏,multijoueur en ligne,온라인멀티
259,Online multiplayer,オンラインマルチプレイヤー,многопользовательская онлайн,在线多人游戏,multijoueur en ligne,온라인멀티
260,Online multiplayer,オンラインマルチプレイヤー,многопользовательская онлайн,在线多人游戏,multijoueur en ligne,온라인멀티
261,Online multiplayer,オンラインマルチプレイヤー,многопользовательская онлайн,在线多人游戏,multijoueur en ligne,온라인멀티
262,Online multiplayer,オンラインマルチプレイヤー,многопользовательская онлайн,在线多人游戏,multijoueur en ligne,온라인멀티
263,Online multiplayer,オンラインマルチプレイヤー,многопользовательская онлайн,在线多人游戏,multijoueur en ligne,온라인멀티
264,Online multiplayer,オンラインマルチプレイヤー,многопользовательская онлайн,在线多人游戏,multijoueur en ligne,온라인멀티
265,Online multiplayer,オンラインマルチプレイヤー,многопользовательская онлайн,在线多人游戏,multijoueur en ligne,온라인멀티
266,Online multiplayer,オンラインマルチプレイヤー,многопользовательская онлайн,在线多人游戏,multijoueur en ligne,온라인멀티
267,Online multiplayer,オンラインマルチプレイヤー,многопользовательская онлайн,在线多人游戏,multijoueur en ligne,온라인멀티
268,Online multiplayer,オンラインマルチプレイヤー,многопользовательская онлайн,在线多人游戏,multijoueur en ligne,온라인멀티
269,Online multiplayer,オンラインマルチプレイヤー,многопользовательская онлайн,在线多人游戏,multijoueur en ligne,온라인멀티
270,Online multiplayer,オンラインマルチプレイヤー,многопользовательская онлайн,在线多人游戏,multijoueur en ligne,온라인멀티
271,Online multiplayer,オンラインマルチプレイヤー,многопользовательская онлайн,在线多人游戏,multijoueur en ligne,온라인멀티
272,Online multiplayer,オンラインマルチプレイヤー,многопользовательская онлайн,在线多人游戏,multijoueur en ligne,온라인멀티
273,Online multiplayer,オンラインマルチプレイヤー,многопользовательская онлайн,在线多人游戏,multijoueur en ligne,온라인멀티
274,Online multiplayer,オンラインマルチプレイヤー,многопользовательская онлайн,在线多人游戏,multijoueur en ligne,온라인멀티
275,Online multiplayer,オンラインマルチプレイヤー,многопользовательская онлайн,在线多人游戏,multijoueur en ligne,온라인멀티
276,Online multiplayer,オンラインマルチプレイヤー,многопользовательская онлайн,在线多人游戏,multijoueur en ligne,온라인멀티
277,Online multiplayer,オンラインマルチプレイヤー,многопользовательская онлайн,在线多人游戏,multijoueur en ligne,온라인멀티
278,Online multiplayer,オンラインマルチプレイヤー,многопользовательская онлайн,在线多人游戏,multijoueur en ligne,온라인멀티
279,Online multiplayer,オンラインマルチプレイヤー,многопользовательская онлайн,在线多人游戏,multijoueur en ligne,온라인멀티
280,Online multiplayer,オンラインマルチプレイヤー,многопользовательская онлайн,在线多人游戏,multijoueur en ligne,온라인멀티
281,Online multiplayer,オンラインマルチプレイヤー,многопользовательская онлайн,在线多人游戏,multijoueur en ligne,온라인멀티
282,Online multiplayer,オンラインマルチプレイヤー,многопользовательская онлайн,在线多人游戏,multijoueur en ligne,온라인멀티
283,Online multiplayer,オンラインマルチプレイヤー,многопользовательская онлайн,在线多人游戏,multijoueur en ligne,온라인멀티
284,Online multiplayer,オンラインマルチプレイヤー,многопользовательская онлайн,在线多人游戏,multijoueur en ligne,온라인멀티
285,Online multiplayer,オンラインマルチプレイヤー,многопользовательская онлайн,在线多人游戏,multijoueur en ligne,온라인멀티
286,Online multiplayer,オンラインマルチプレイヤー,многопользовательская онлайн,在线多人游戏,multijoueur en ligne,온라인멀티
287,Online multiplayer,オンラインマルチプレイヤー,многопользовательская онлайн,在线多人游戏,multijoueur en ligne,온라인멀티
288,Online multiplayer,オンラインマルチプレイヤー,многопользовательская онлайн,在线多人游戏,multijoueur en ligne,온라인멀티
289,Online multiplayer,オンラインマルチプレイヤー,многопользовательская онлайн,在线多人游戏,multijoueur en ligne,온라인멀티
290,Online multiplayer,オンラインマルチプレイヤー,многопользовательская онлайн,在线多人游戏,multijoueur en ligne,온라인멀티
291,Online multiplayer,オンラインマルチプレイヤー,многопользовательская онлайн,在线多人游戏,multijoueur en ligne,온라인멀티
292,Online multiplayer,オンラインマルチプレイヤー,многопользовательская онлайн,在线多人游戏,multijoueur en ligne,온라인멀티
293,Online multiplayer,オンラインマルチプレイヤー,многопользовательская онлайн,在线多人游戏,multijoueur en ligne,온라인멀티
294,Online multiplayer,オンラインマルチプレイヤー,многопользовательская онлайн,在线多人游戏,multijoueur en ligne,온라인멀티
295,Online multiplayer,オンラインマルチプレイヤー,многопользовательская онлайн,在线多人游戏,multijoueur en ligne,온라인멀티
296,Online multiplayer,オンラインマルチプレイヤー,многопользовательская онлайн,在线多人游戏,multijoueur en ligne,온라인멀티
297,Online multiplayer,オンラインマルチプレイヤー,многопользовательская онлайн,在线多人游戏,multijoueur en ligne,온라인멀티
298,Online multiplayer,オンラインマルチプレイヤー,многопользовательская онлайн,在线多人游戏,multijoueur en ligne,온라인멀티
299,Online multiplayer,オンラインマルチプレイヤー,многопользовательская онлайн,在线多人游戏,multijoueur en ligne,온라인멀티
300,Online multiplayer,オンラインマルチプレイヤー,многопользовательская онлайн,在线多人游戏,multijoueur en ligne,온라인멀티
301,Online multiplayer,オンラインマルチプレイヤー,многопользовательская онлайн,在线多人游戏,multijoueur en ligne,온라인멀티
302,Online multiplayer,オンラインマルチプレイヤー,многопользовательская онлайн,在线多人游戏,multijoueur en ligne,온라인멀티
303,Online multiplayer,オンラインマルチプレイヤー,многопользовательская онлайн,在线多人游戏,multijoueur en ligne,온라인멀티
304,Online multiplayer,オンラインマルチプレイヤー,многопользовательская онлайн,在线多人游戏,multijoueur en ligne,온라인멀티
305,Online multiplayer,オンラインマルチプレイヤー,многопользовательская онлайн,在线多人游戏,multijoueur en ligne,온라인멀티
306,Online multiplayer,オンラインマルチプレイヤー,многопользовательская онлайн,在线多人游戏,multijoueur en ligne,온라인멀티
307,Online multiplayer,オンラインマルチプレイヤー,многопользовательская онлайн,在线多人游戏,multijoueur en ligne,온라인멀티
308,Online multiplayer,オンラインマルチプレイヤー,многопользовательская онлайн,在线多人游戏,multijoueur en ligne,온라인멀티
309,Online multiplayer,オンラインマルチプレイヤー,многопользовательская онлайн,在线多人游戏,multijoueur en ligne,온라인멀티
310,Online multiplayer,オンラインマルチプレイヤー,многопользовательская онлайн,在线多人游戏,multijoueur en ligne,온라인멀티
311,Online multiplayer,オンラインマルチプレイヤー,многопользовательская онлайн,在线多人游戏,multijoueur en ligne,온라인멀티
312,Online multiplayer,オンラインマルチプレイヤー,многопользовательская онлайн,在线多人游戏,multijoueur en ligne,온라인멀티
313,Online multiplayer,オンラインマルチプレイヤー,многопользовательская онлайн,在线多人游戏,multijoueur en ligne,온라인멀티
314,Online multiplayer,オンラインマルチプレイヤー,многопользовательская онлайн,在线多人游戏,multijoueur en ligne,온라인멀티
315,Online multiplayer,オンラインマルチプレイヤー,многопользовательская онлайн,在线多人游戏,multijoueur en ligne,온라인멀티
316,Online multiplayer,オンラインマルチプレイヤー,многопользовательская онлайн,在线多人游戏,multijoueur en ligne,온라인멀티
317,Online multiplayer,オンラインマルチプレイヤー,многопользовательская онлайн,在线多人游戏,multijoueur en ligne,온라인멀티
318,Online multiplayer,オンラインマルチプレイヤー,многопользовательская онлайн,在线多人游戏,multijoueur en ligne,온라인멀티
319,Online multiplayer,オンラインマルチプレイヤー,многопользовательская онлайн,在线多人游戏,multijoueur en ligne,온라인멀티
320,Online multiplayer,オンラインマルチプレイヤー,многопользовательская онлайн,在线多人游戏,multijoueur en ligne,온라인멀티
321,Online multiplayer,オンラインマルチプレイヤー,многопользовательская онлайн,在线多人游戏,multijoueur en ligne,온라인멀티
322,Online multiplayer,オンラインマルチプレイヤー,многопользовательская онлайн,在线多人游戏,multijoueur en ligne,온라인멀티
323,Online multiplayer,オンラインマルチプレイヤー,многопользовательская онлайн,在线多人游戏,multijoueur en ligne,온라인멀티
324,Online multiplayer,オンラインマルチプレイヤー,многопользовательская онлайн,在线多人游戏,multijoueur en ligne,온라인멀티
325,Online multiplayer,オンラインマルチプレイヤー,многопользовательская онлайн,在线多人游戏,multijoueur en ligne,온라인멀티
326,Online multiplayer,オンラインマルチプレイヤー,многопользовательская онлайн,在线多人游戏,multijoueur en ligne,온라인멀티
327,Online multiplayer,オンラインマルチプレイヤー,многопользовательская онлайн,在线多人游戏,multijoueur en ligne,온라인멀티
328,Online multiplayer,オンラインマルチプレイヤー,многопользовательская онлайн,在线多人游戏,multijoueur en ligne,온라인멀티
329,Online multiplayer,オンラインマルチプレイヤー,многопользовательская онлайн,在线多人游戏,multijoueur en ligne,온라인멀티
330,Online multiplayer,オンラインマルチプレイヤー,многопользовательская онлайн,在线多人游戏,multijoueur en ligne,온라인멀티
331,Online multiplayer,オンラインマルチプレイヤー,многопользовательская онлайн,在线多人游戏,multijoueur en ligne,온라인멀티
332,Online multiplayer,オンラインマルチプレイヤー,многопользовательская онлайн,在线多人游戏,multijoueur en ligne,온라인멀티
333,Online multiplayer,オンラインマルチプレイヤー,многопользовательская онлайн,在线多人游戏,multijoueur en ligne,온라인멀티
334,Online multiplayer,オンラインマルチプレイヤー,многопользовательская онлайн,在线多人游戏,multijoueur en ligne,온라인멀티
335,Online multiplayer,オンラインマルチプレイヤー,многопользовательская онлайн,在线多人游戏,multijoueur en ligne,온라인멀티
336,Online multiplayer,オンラインマルチプレイヤー,многопользовательская онлайн,在线多人游戏,multijoueur en ligne,온라인멀티
337,Online multiplayer,オンラインマルチプレイヤー,многопользовательская онлайн,在线多人游戏,multijoueur en ligne,온라인멀티
338,Online multiplayer,オンラインマルチプレイヤー,многопользовательская онлайн,在线多人游戏,multijoueur en ligne,온라인멀티
339,Online multiplayer,オンラインマルチプレイヤー,многопользовательская онлайн,在线多人游戏,multijoueur en ligne,온라인멀티
340,Online multiplayer,オンラインマルチプレイヤー,многопользовательская онлайн,在线多人游戏,multijoueur en ligne,온라인멀티
341,Online multiplayer,オンラインマルチプレイヤー,многопользовательская онлайн,在线多人游戏,multijoueur en ligne,온라인멀티
342,Online multiplayer,オンラインマルチプレイヤー,многопользовательская онлайн,在线多人游戏,multijoueur en ligne,온라인멀티
343,Online multiplayer,オンラインマルチプレイヤー,многопользовательская онлайн,在线多人游戏,multijoueur en ligne,온라인멀티
344,Online multiplayer,オンラインマルチプレイヤー,многопользовательская онлайн,在线多人游戏,multijoueur en ligne,온라인멀티
345,Online multiplayer,オンラインマルチプレイヤー,многопользовательская онлайн,在线多人游戏,multijoueur en ligne,온라인멀티